GameNum,Turn,AgentUsed,Move,Time(s),Nodes
1,1,alpha-beta,0,0.2723,1307
1,3,alpha-beta,1,0.6489,3180
1,5,alpha-beta,4,0.6251,3149
1,7,alpha-beta,5,0.9588,4737
1,9,alpha-beta,3,1.0342,5127
1,11,alpha-beta,3,0.8021,3942
1,13,alpha-beta,0,1.0467,5238
1,15,alpha-beta,4,0.5093,2673
1,17,alpha-beta,0,0.0445,213
1,19,alpha-beta,0,0.0003,2
2,1,alpha-beta,2,0.3844,1873
2,3,alpha-beta,2,0.6010,2984
2,5,alpha-beta,3,0.5698,2895
2,7,alpha-beta,1,0.2200,1114
2,9,alpha-beta,0,0.0003,2
3,1,alpha-beta,1,0.2621,1310
3,3,alpha-beta,0,0.3115,1542
3,5,alpha-beta,2,0.4888,2486
3,7,alpha-beta,0,0.7090,3566
3,9,alpha-beta,2,0.5268,2658
3,11,alpha-beta,3,0.2623,1402
3,13,alpha-beta,2,0.2501,1292
3,15,alpha-beta,2,0.0081,56
4,1,alpha-beta,2,0.5302,2639
4,3,alpha-beta,0,0.4044,2006
4,5,alpha-beta,0,0.3801,1904
4,7,alpha-beta,0,0.1562,755
4,9,alpha-beta,0,0.0004,2
5,1,alpha-beta,3,0.4399,2195
5,3,alpha-beta,0,0.4613,2225
5,5,alpha-beta,4,0.5685,2778
5,7,alpha-beta,1,0.2235,1171
5,9,alpha-beta,1,0.0953,525
5,11,alpha-beta,2,0.1729,900
5,13,alpha-beta,0,0.0631,316
5,15,alpha-beta,0,0.0195,143
5,17,alpha-beta,0,0.0269,144
5,19,alpha-beta,2,0.0209,87
6,1,minimax,0,4.3318,19608
6,3,minimax,3,4.1986,19188
6,5,minimax,4,4.1114,18767
6,7,minimax,1,4.2774,19606
6,9,minimax,1,4.2563,19504
6,11,minimax,0,4.0608,18676
6,13,minimax,4,3.5206,16271
6,15,minimax,0,2.7010,13156
6,17,minimax,1,1.3870,6884
6,19,minimax,2,0.6811,3437
6,21,minimax,2,0.3305,1808
7,1,minimax,3,4.2795,19608
7,3,minimax,1,4.1807,19187
7,5,minimax,0,4.2803,19576
7,7,minimax,1,3.9688,18511
7,9,minimax,1,2.8969,14158
7,11,minimax,0,2.0480,10333
7,13,minimax,0,2.8460,13792
7,15,minimax,0,1.6437,8290
8,1,minimax,3,4.2774,19608
8,3,minimax,0,4.1770,19187
8,5,minimax,4,4.1178,18934
8,7,minimax,3,4.2216,19353
8,9,minimax,3,4.1186,18998
8,11,minimax,6,3.6142,16558
8,13,minimax,3,3.5863,16482
8,15,minimax,4,1.9235,8938
8,17,minimax,2,1.7912,8418
8,19,minimax,1,1.0660,5173
9,1,minimax,2,4.2909,19608
9,3,minimax,2,4.2561,19608
9,5,minimax,1,4.0577,18865
9,7,minimax,3,3.7978,17961
9,9,minimax,0,4.0775,19025
9,11,minimax,0,4.2196,19474
9,13,minimax,0,2.9157,14031
9,15,minimax,0,1.7859,8926
10,1,minimax,2,4.2761,19608
10,3,minimax,1,3.9841,18347
10,5,minimax,2,4.2053,19186
10,7,minimax,4,3.3143,15431
10,9,minimax,3,4.1274,18999
10,11,minimax,1,4.0322,18717
10,13,minimax,2,3.7487,17904
10,15,minimax,0,1.7971,9393
10,17,minimax,0,1.4075,7509
10,19,minimax,0,1.2180,6425
11,1,minimax,1,4.2821,19608
11,3,minimax,1,4.1738,19188
11,5,minimax,2,4.0804,18865
11,7,minimax,3,3.2922,15455
11,9,minimax,1,3.6629,17708
11,11,minimax,3,3.5817,17152
11,13,minimax,0,2.7472,13598
12,1,minimax,2,4.2865,19608
12,3,minimax,1,3.9759,18347
12,5,minimax,3,4.1726,19187
12,7,minimax,2,4.1967,19185
12,9,minimax,1,3.8160,17891
12,11,minimax,4,2.0961,10298
13,1,minimax,0,4.2897,19608
13,3,minimax,1,4.1786,19187
13,5,minimax,5,4.0730,18767
13,7,minimax,3,4.2745,19606
13,9,minimax,5,4.2423,19518
13,11,minimax,5,4.0716,18760
13,13,minimax,3,3.4316,15955
13,15,minimax,0,2.8120,13330
13,17,minimax,0,2.7165,12709
13,19,minimax,0,0.9516,4700
14,1,minimax,1,4.2700,19608
14,3,minimax,2,4.2661,19607
14,5,minimax,3,4.0358,18836
14,7,minimax,3,4.0915,18759
14,9,minimax,0,4.1397,18904
14,11,minimax,3,4.1919,19118
14,13,minimax,0,2.7799,13329
14,15,minimax,2,2.6637,12269
14,17,minimax,1,2.3541,11201
15,1,minimax,2,4.2669,19608
15,3,minimax,3,4.1343,19188
15,5,minimax,1,4.0489,18936
15,7,minimax,4,3.0790,14791
16,1,minimax,2,4.2821,19608
16,3,minimax,3,4.0778,18767
16,5,minimax,3,4.2749,19576
16,7,minimax,1,4.0428,19057
16,9,minimax,1,3.8380,18160
16,11,minimax,0,2.6411,13134
17,1,minimax,2,4.2803,19608
17,3,minimax,3,4.1627,19188
17,5,minimax,0,3.9856,18697
17,7,minimax,1,2.9693,14321
18,1,minimax,3,4.2831,19608
18,3,minimax,4,4.0676,18767
18,5,minimax,0,4.1713,19187
18,7,minimax,2,4.1859,19185
18,9,minimax,2,4.1782,19259
18,11,minimax,1,3.5719,17037
18,13,minimax,1,2.4252,12027
19,1,minimax,3,4.2829,19608
19,3,minimax,1,4.1759,19187
19,5,minimax,4,4.0777,18767
19,7,minimax,0,4.2188,19354
19,9,minimax,1,4.1741,19283
19,11,minimax,1,3.9684,18628
19,13,minimax,2,3.8450,18061
19,15,minimax,0,2.7224,13312
19,17,minimax,2,2.1545,10677
20,1,minimax,1,4.2912,19608
20,3,minimax,3,4.0678,18767
20,5,minimax,2,4.2757,19607
20,7,minimax,3,4.2085,19463
20,9,minimax,1,3.6601,17894
20,11,minimax,3,3.6044,17483
20,13,minimax,0,1.8857,9738
21,1,minimax,1,4.2907,19608
21,3,minimax,3,4.0790,18767
21,5,minimax,2,4.2631,19607
21,7,minimax,1,4.2065,19297
21,9,minimax,4,3.2748,15356
21,11,minimax,0,3.9814,18301
21,13,minimax,3,3.2460,15301
21,15,minimax,0,2.1666,10692
22,1,minimax,1,4.2672,19608
22,3,minimax,0,4.1900,19187
22,5,minimax,3,4.1888,19155
22,7,minimax,0,4.2489,19519
22,9,minimax,0,4.1242,19158
22,11,minimax,0,2.9968,14410
23,1,minimax,2,4.2730,19608
23,3,minimax,3,4.1766,19355
23,5,minimax,1,3.7694,17940
23,7,minimax,0,2.9709,14335
24,1,minimax,2,4.2741,19608
24,3,minimax,3,4.2481,19607
24,5,minimax,0,4.0418,18935
24,7,minimax,1,3.0310,14510
25,1,minimax,1,4.2778,19608
25,3,minimax,1,4.2813,19607
25,5,minimax,2,4.0717,18840
25,7,minimax,4,3.3093,15432
25,9,minimax,1,4.0757,19000
25,11,minimax,1,2.8542,13746
26,1,minimax,3,4.2673,19608
26,3,minimax,4,4.0659,18767
26,5,minimax,0,4.1742,19187
26,7,minimax,4,4.2706,19576
26,9,minimax,5,4.1288,19257
26,11,minimax,5,3.7593,18079
26,13,minimax,1,3.6073,17486
26,15,minimax,1,3.5869,17424
26,17,minimax,0,2.6584,13279
26,19,minimax,1,2.5656,12890
26,21,minimax,1,0.8225,4703
27,1,minimax,2,4.2829,19608
27,3,minimax,3,4.2382,19607
27,5,minimax,1,4.0605,18935
27,7,minimax,4,3.0473,14580
28,1,minimax,0,4.2694,19608
28,3,minimax,0,4.1762,19187
28,5,minimax,2,3.3002,15432
28,7,minimax,1,4.1447,19126
28,9,minimax,1,3.3238,15330
28,11,minimax,1,3.9686,18369
28,13,minimax,1,2.3566,11503
29,1,minimax,1,4.2684,19608
29,3,minimax,0,4.1570,19188
29,5,minimax,0,4.1876,19188
29,7,minimax,3,3.2969,15456
29,9,minimax,4,4.1800,19270
29,11,minimax,6,4.1210,19016
29,13,minimax,6,4.0668,18912
29,15,minimax,4,3.3145,15661
29,17,minimax,3,3.1135,14781
29,19,minimax,0,2.6310,12695
29,21,minimax,0,2.6522,12598
29,23,minimax,1,1.0695,5285
29,25,minimax,1,0.3869,2118
29,27,minimax,1,0.0837,484
30,1,minimax,0,4.2733,19608
30,3,minimax,0,4.1408,19188
30,5,minimax,5,3.9771,18619
30,7,minimax,4,4.0480,18891
30,9,minimax,2,4.2250,19410
30,11,minimax,2,3.9053,18292
30,13,minimax,1,3.6894,17475
30,15,minimax,3,1.9870,9839
31,1,minimax,0,4.2643,19608
31,3,minimax,0,4.2844,19608
31,5,minimax,3,4.0761,18865
31,7,minimax,0,4.1129,19025
31,9,minimax,0,2.4877,11961
32,1,minimax,2,4.2691,19608
32,3,minimax,3,4.1151,19188
32,5,minimax,1,3.7739,18039
32,7,minimax,0,2.0713,10534
33,1,minimax,2,4.2851,19608
33,3,minimax,0,4.2767,19607
33,5,minimax,0,4.2875,19576
33,7,minimax,0,3.9786,18427
33,9,minimax,0,2.4781,11958
34,1,minimax,2,4.2770,19608
34,3,minimax,0,4.2881,19607
34,5,minimax,4,4.0770,18767
34,7,minimax,3,4.2745,19576
34,9,minimax,4,3.9829,18791
34,11,minimax,1,2.7559,13779
34,13,minimax,0,1.9353,9934
34,15,minimax,1,1.2994,6921
35,1,minimax,2,4.2817,19608
35,3,minimax,3,4.0783,18767
35,5,minimax,3,4.2759,19607
35,7,minimax,1,3.7000,17870
35,9,minimax,0,2.0890,10618
36,1,minimax,3,4.2738,19608
36,3,minimax,0,4.2816,19576
36,5,minimax,0,4.1807,19156
36,7,minimax,6,4.0014,18587
36,9,minimax,5,3.1892,14990
36,11,minimax,1,3.9488,18300
36,13,minimax,4,3.4830,16275
36,15,minimax,5,3.3776,15930
36,17,minimax,1,3.3161,15748
36,19,minimax,1,3.0558,14761
36,21,minimax,1,1.4710,7540
37,1,minimax,1,4.2806,19608
37,3,minimax,0,4.2877,19607
37,5,minimax,0,4.2909,19576
37,7,minimax,3,4.0696,18833
37,9,minimax,3,4.0049,18589
37,11,minimax,1,2.6543,12928
37,13,minimax,4,1.7154,8489
37,15,minimax,3,1.6582,8252
37,17,minimax,2,1.1800,5999
37,19,minimax,2,1.2703,6316
37,21,minimax,2,1.0474,5362
37,23,minimax,3,0.7880,4085
38,1,minimax,3,4.2759,19608
38,3,minimax,4,4.0805,18767
38,5,minimax,2,4.1260,18934
38,7,minimax,1,4.1979,19354
38,9,minimax,2,4.0786,18896
38,11,minimax,1,2.8260,13704
39,1,minimax,0,4.2700,19608
39,3,minimax,0,4.2833,19608
39,5,minimax,0,4.1126,19025
39,7,minimax,0,2.9865,14330
40,1,minimax,1,4.2792,19608
40,3,minimax,2,4.0768,18767
40,5,minimax,3,4.2206,19354
40,7,minimax,4,4.1774,19155
40,9,minimax,1,4.2439,19455
40,11,minimax,2,4.0178,18792
40,13,minimax,2,3.6983,17708
40,15,minimax,1,3.1784,15700
40,17,minimax,0,2.1137,10599
40,19,minimax,0,1.6268,8467
40,21,minimax,0,0.9003,4809
41,1,minimax,2,4.2785,19608
41,3,minimax,0,4.2901,19607
41,5,minimax,4,4.0738,18767
41,7,minimax,3,4.2180,19354
41,9,minimax,1,3.7423,17981
41,11,minimax,0,1.8779,9792
42,1,minimax,2,4.2702,19608
42,3,minimax,3,4.1343,19188
42,5,minimax,1,3.7711,18039
42,7,minimax,0,2.0707,10534
43,1,minimax,3,4.2802,19608
43,3,minimax,0,4.2898,19576
43,5,minimax,0,4.1730,19156
43,7,minimax,5,3.2059,15020
43,9,minimax,1,3.2498,15426
43,11,minimax,0,3.8502,18335
43,13,minimax,0,2.2987,11429
44,1,minimax,3,4.2812,19608
44,3,minimax,4,4.0717,18767
44,5,minimax,4,4.2758,19576
44,7,minimax,3,4.0928,18993
44,9,minimax,4,3.9372,18206
44,11,minimax,4,2.1663,10690
45,1,minimax,0,4.2741,19608
45,3,minimax,0,4.1577,19188
45,5,minimax,3,3.9759,18619
45,7,minimax,0,4.1061,19025
45,9,minimax,0,2.9862,14336
46,1,minimax,2,4.2690,19608
46,3,minimax,3,4.1568,19188
46,5,minimax,0,4.0622,18935
46,7,minimax,1,3.0216,14587
47,1,minimax,0,4.2713,19608
47,3,minimax,1,4.2717,19607
47,5,minimax,6,4.1565,19187
47,7,minimax,3,3.3806,15700
47,9,minimax,0,4.2691,19605
47,11,minimax,0,4.1483,19124
47,13,minimax,0,3.0073,14486
48,1,minimax,1,4.2762,19608
48,3,minimax,0,4.1859,19187
48,5,minimax,3,4.1745,19155
48,7,minimax,4,4.0705,18918
48,9,minimax,1,2.6645,12922
48,11,minimax,3,1.9854,9288
48,13,minimax,2,1.8010,8698
48,15,minimax,2,1.2906,6400
49,1,minimax,3,4.2719,19608
49,3,minimax,0,4.1814,19187
49,5,minimax,5,3.2790,15281
49,7,minimax,4,4.1500,19156
49,9,minimax,5,3.6826,17459
49,11,minimax,2,2.6073,13099
49,13,minimax,0,1.8782,9714
49,15,minimax,2,1.3146,6873
50,1,minimax,2,4.2823,19608
50,3,minimax,0,4.1759,19187
50,5,minimax,3,3.3857,15701
50,7,minimax,1,4.2208,19607
50,9,minimax,3,3.8184,18262
50,11,minimax,0,1.9952,10282
51,1,minimax,2,4.2736,19608
51,3,minimax,3,4.1525,19188
51,5,minimax,0,4.0423,18936
51,7,minimax,1,3.0809,14791
52,1,minimax,0,4.2786,19608
52,3,minimax,3,4.1962,19355
52,5,minimax,0,4.1987,19355
52,7,minimax,0,4.1026,19010
52,9,minimax,0,2.9855,14391
53,1,minimax,1,4.2813,19608
53,3,minimax,1,4.2845,19607
53,5,minimax,3,3.9659,18434
53,7,minimax,2,4.1490,19246
53,9,minimax,1,3.8432,18285
53,11,minimax,0,2.7783,13783
53,13,minimax,1,2.9148,14102
54,1,minimax,2,4.2739,19608
54,3,minimax,0,4.2832,19607
54,5,minimax,0,4.2902,19606
54,7,minimax,3,4.2197,19322
54,9,minimax,0,4.2220,19322
54,11,minimax,5,3.9881,18516
54,13,minimax,0,4.0145,18620
54,15,minimax,0,2.7205,13124
55,1,minimax,1,4.2688,19608
55,3,minimax,3,4.0803,18767
55,5,minimax,2,4.2737,19606
55,7,minimax,1,4.2818,19605
55,9,minimax,2,4.0696,18715
55,11,minimax,3,3.4893,16342
55,13,minimax,0,3.2636,15677
55,15,minimax,0,2.3800,11704
56,1,minimax,1,4.2749,19608
56,3,minimax,1,4.1858,19188
56,5,minimax,2,4.1788,19156
56,7,minimax,5,3.2050,15132
56,9,minimax,3,3.8524,18231
56,11,minimax,0,3.0147,14528
57,1,minimax,0,4.2771,19608
57,3,minimax,0,4.1868,19187
57,5,minimax,3,3.2962,15432
57,7,minimax,0,4.1502,19246
57,9,minimax,0,3.0293,14496
58,1,minimax,2,4.2694,19608
58,3,minimax,2,4.1706,19188
58,5,minimax,3,4.1767,19156
58,7,minimax,3,4.0965,19001
58,9,minimax,3,3.8309,18062
58,11,minimax,3,2.8427,13653
59,1,minimax,0,4.2779,19608
59,3,minimax,0,4.2714,19608
59,5,minimax,0,4.0843,18865
59,7,minimax,0,2.4867,11986
60,1,minimax,2,4.2612,19608
60,3,minimax,3,4.0809,18767
60,5,minimax,4,4.2318,19354
60,7,minimax,1,4.2723,19575
60,9,minimax,1,4.2588,19518
60,11,minimax,4,4.0465,18635
60,13,minimax,0,3.7132,17471
60,15,minimax,3,2.1940,10732
61,1,minimax,3,4.2789,19608
61,3,minimax,0,4.2819,19576
61,5,minimax,0,4.1760,19156
61,7,minimax,3,3.9000,18192
61,9,minimax,6,3.3424,15682
61,11,minimax,2,2.7574,13089
61,13,minimax,0,3.2320,15397
61,15,minimax,0,2.1789,10596
62,1,minimax,3,4.2791,19608
62,3,minimax,4,4.0704,18767
62,5,minimax,1,4.1854,19186
62,7,minimax,2,4.1383,18902
62,9,minimax,2,3.9954,18664
62,11,minimax,0,2.6884,13289
63,1,minimax,3,4.2802,19608
63,3,minimax,4,4.0670,18767
63,5,minimax,0,4.2974,19187
63,7,minimax,4,4.3294,19569
63,9,minimax,2,3.6463,17720
63,11,minimax,1,2.9400,14255
64,1,minimax,0,4.2827,19608
64,3,minimax,3,4.1901,19355
64,5,minimax,0,3.9873,18697
64,7,minimax,0,3.8775,18367
64,9,minimax,0,2.7375,13538
65,1,minimax,2,4.2767,19608
65,3,minimax,0,4.1862,19187
65,5,minimax,3,4.1838,19186
65,7,minimax,0,4.2831,19575
65,9,minimax,3,4.2701,19544
65,11,minimax,4,3.9132,18364
65,13,minimax,0,2.0595,10507
65,15,minimax,0,1.8818,9579
65,17,minimax,0,1.1098,5910
66,1,minimax,1,4.2933,19608
66,3,minimax,1,4.1729,19187
66,5,minimax,2,4.0682,18840
66,7,minimax,1,4.0751,18840
66,9,minimax,1,2.4596,11877
67,1,minimax,1,4.2754,19608
67,3,minimax,0,4.1559,19188
67,5,minimax,3,3.8808,18277
67,7,minimax,1,4.2167,19355
67,9,minimax,2,4.0591,18772
67,11,minimax,2,4.0514,18670
67,13,minimax,3,3.7325,17542
67,15,minimax,3,2.6975,12899
68,1,minimax,1,4.2737,19608
68,3,minimax,0,4.1540,19188
68,5,minimax,3,3.1420,15030
68,7,minimax,2,3.0779,14791
69,1,minimax,2,4.2789,19608
69,3,minimax,0,4.2910,19607
69,5,minimax,3,4.0876,18767
69,7,minimax,1,4.2990,19606
69,9,minimax,1,4.2677,19486
69,11,minimax,2,3.3092,15281
69,13,minimax,0,3.6162,17432
69,15,minimax,0,2.0026,10005
70,1,minimax,2,4.2661,19608
70,3,minimax,3,4.2414,19607
70,5,minimax,1,3.8313,18164
70,7,minimax,0,2.9512,14223
71,1,minimax,0,4.2773,19608
71,3,minimax,1,4.2781,19607
71,5,minimax,6,4.1594,19187
71,7,minimax,4,3.3827,15700
71,9,minimax,3,4.2509,19353
71,11,minimax,0,4.3118,19543
71,13,minimax,4,4.1662,19055
71,15,minimax,5,3.8898,17931
71,17,minimax,0,3.8793,17947
71,19,minimax,0,2.8469,13601
72,1,minimax,0,4.3119,19608
72,3,minimax,0,4.3274,19607
72,5,minimax,1,4.1030,18840
72,7,minimax,2,4.1358,18772
72,9,minimax,2,4.1107,18723
72,11,minimax,3,3.1507,14751
72,13,minimax,1,2.8805,13920
72,15,minimax,0,2.6896,13084
72,17,minimax,0,1.9087,9448
72,19,minimax,2,0.9806,4912
72,21,minimax,2,0.6360,3298
73,1,minimax,2,4.3052,19608
73,3,minimax,0,4.3201,19608
73,5,minimax,0,4.2195,19355
73,7,minimax,5,3.3094,15430
73,9,minimax,0,3.9486,18451
73,11,minimax,1,3.9981,18358
73,13,minimax,2,3.4344,15954
73,15,minimax,3,1.8956,9477
74,1,minimax,2,4.2469,19608
74,3,minimax,0,4.2810,19608
74,5,minimax,0,4.2695,19607
74,7,minimax,2,4.2163,19323
74,9,minimax,2,4.0293,18587
74,11,minimax,2,2.4592,11782
75,1,minimax,3,4.2590,19608
75,3,minimax,1,4.3465,19187
75,5,minimax,1,4.4757,19606
75,7,minimax,3,4.2933,19537
75,9,minimax,5,4.0070,18323
75,11,minimax,5,4.1810,19159
75,13,minimax,4,3.2681,15702
75,15,minimax,0,1.6186,8415
75,17,minimax,5,2.4554,11958
75,19,minimax,0,1.6967,8600
75,21,minimax,0,2.4258,11747
75,23,minimax,0,0.8247,4277
76,1,minimax,0,4.2800,19608
76,3,minimax,1,4.2855,19607
76,5,minimax,6,4.1473,19187
76,7,minimax,1,4.1606,19155
76,9,minimax,3,4.1568,19123
76,11,minimax,0,4.0448,18871
76,13,minimax,0,3.7974,17930
76,15,minimax,0,1.9731,9824
77,1,minimax,1,4.2771,19608
77,3,minimax,0,4.2757,19607
77,5,minimax,2,4.1863,19187
77,7,minimax,3,4.0782,18884
77,9,minimax,3,3.9584,18608
77,11,minimax,0,2.6101,13077
78,1,minimax,3,4.2859,19608
78,3,minimax,4,4.0672,18767
78,5,minimax,5,4.2186,19354
78,7,minimax,2,4.1730,19155
78,9,minimax,0,3.1992,15180
78,11,minimax,2,3.9988,18782
78,13,minimax,1,3.5772,17230
78,15,minimax,0,2.8369,13749
78,17,minimax,0,2.4232,12146
78,19,minimax,0,1.1856,6374
79,1,minimax,3,4.2840,19608
79,3,minimax,0,4.1726,19187
79,5,minimax,4,4.1863,19186
79,7,minimax,3,4.2949,19605
79,9,minimax,4,4.1699,19244
79,11,minimax,3,4.0294,18848
79,13,minimax,3,2.2486,11049
80,1,minimax,2,4.3544,19608
80,3,minimax,1,3.9786,18347
80,5,minimax,2,4.1947,19186
80,7,minimax,4,4.1087,18772
80,9,minimax,4,4.1866,19134
80,11,minimax,3,3.9992,18553
80,13,minimax,1,3.9091,18094
80,15,minimax,1,3.3586,15609
80,17,minimax,0,2.6611,12455
80,19,minimax,4,1.5686,7533
81,1,minimax,1,4.2775,19608
81,3,minimax,3,4.0403,18768
81,5,minimax,2,4.0428,18935
81,7,minimax,0,3.0143,14510
82,1,minimax,3,4.2776,19608
82,3,minimax,0,4.2811,19576
82,5,minimax,5,3.9769,18316
82,7,minimax,0,4.0324,18557
82,9,minimax,1,3.1583,14877
82,11,minimax,3,2.7499,13216
82,13,minimax,5,1.9021,8963
82,15,minimax,0,1.8048,8643
82,17,minimax,0,1.2339,6094
83,1,minimax,3,4.2883,19608
83,3,minimax,2,3.9773,18347
83,5,minimax,1,4.1519,19187
83,7,minimax,2,3.7613,17898
83,9,minimax,0,1.9781,10128
84,1,minimax,2,4.2678,19608
84,3,minimax,0,4.1779,19187
84,5,minimax,0,4.1832,19187
84,7,minimax,0,4.0020,18618
84,9,minimax,0,2.9564,14280
85,1,minimax,1,4.2738,19608
85,3,minimax,5,4.0658,18768
85,5,minimax,1,4.2253,19355
85,7,minimax,1,4.1061,19025
85,9,minimax,1,3.0440,14610
86,1,minimax,0,4.2691,19608
86,3,minimax,0,4.1817,19187
86,5,minimax,1,3.2063,15026
86,7,minimax,0,3.9826,18475
86,9,minimax,0,2.9678,14216
87,1,minimax,0,4.2789,19608
87,3,minimax,0,4.1701,19187
87,5,minimax,2,3.3028,15432
87,7,minimax,0,4.0553,18840
87,9,minimax,2,3.5599,16408
87,11,minimax,2,3.4208,15868
87,13,minimax,1,2.2806,11276
87,15,minimax,0,1.6146,8147
87,17,minimax,3,1.2042,5927
88,1,minimax,2,4.2732,19608
88,3,minimax,3,4.0763,18767
88,5,minimax,1,4.2803,19606
88,7,minimax,1,4.2854,19605
88,9,minimax,1,4.1581,19188
88,11,minimax,1,3.0664,14585
89,1,minimax,1,4.2718,19608
89,3,minimax,5,4.0801,18768
89,5,minimax,1,4.2285,19355
89,7,minimax,1,4.0972,19025
89,9,minimax,1,3.0146,14413
90,1,minimax,0,4.2798,19608
90,3,minimax,0,4.1465,19188
90,5,minimax,0,3.9976,18459
90,7,minimax,0,1.9783,9466
91,1,minimax,2,4.4194,19608
91,3,minimax,4,4.3153,19576
91,5,minimax,1,4.2853,19576
91,7,minimax,4,4.2944,19575
91,9,minimax,2,4.2722,19537
91,11,minimax,4,4.2081,19158
91,13,minimax,5,3.9221,18109
91,15,minimax,6,3.1473,14706
91,17,minimax,4,3.3812,15691
91,19,minimax,4,1.9040,9317
92,1,minimax,1,4.2822,19608
92,3,minimax,3,4.0426,18768
92,5,minimax,1,4.2835,19608
92,7,minimax,1,4.1075,19025
92,9,minimax,1,2.9234,14098
93,1,minimax,0,4.2809,19608
93,3,minimax,0,4.1615,19188
93,5,minimax,3,3.2964,15456
93,7,minimax,0,3.8719,18367
93,9,minimax,0,3.0491,14610
94,1,minimax,1,4.2733,19608
94,3,minimax,0,4.2761,19608
94,5,minimax,0,4.1925,19187
94,7,minimax,1,4.0114,18594
94,9,minimax,5,3.0629,14527
94,11,minimax,0,3.2103,15070
94,13,minimax,0,3.0382,14466
95,1,minimax,0,4.2737,19608
95,3,minimax,1,4.2794,19607
95,5,minimax,2,4.2580,19576
95,7,minimax,1,3.9874,18665
95,9,minimax,1,3.7958,17957
95,11,minimax,1,2.2809,11191
96,1,minimax,2,4.2717,19608
96,3,minimax,2,4.2594,19608
96,5,minimax,4,4.2755,19576
96,7,minimax,0,3.9931,18665
96,9,minimax,3,3.8612,18071
96,11,minimax,1,2.8431,13722
97,1,minimax,2,4.2733,19608
97,3,minimax,3,4.1308,19188
97,5,minimax,0,4.0468,18936
97,7,minimax,1,3.0295,14616
98,1,minimax,0,4.2705,19608
98,3,minimax,1,4.1501,19188
98,5,minimax,3,3.8913,18277
98,7,minimax,2,2.4406,11967
99,1,minimax,1,4.2698,19608
99,3,minimax,5,4.0711,18768
99,5,minimax,4,4.2851,19608
99,7,minimax,5,4.3162,19569
99,9,minimax,4,4.0035,18816
99,11,minimax,5,4.0554,18732
99,13,minimax,6,3.4389,15983
99,15,minimax,6,3.4244,16005
99,17,minimax,3,3.0600,14813
99,19,minimax,0,1.5078,7769
99,21,minimax,0,1.2047,6295
99,23,minimax,0,1.7519,8682
99,25,minimax,0,0.6999,3808
100,1,minimax,1,4.2861,19608
100,3,minimax,3,4.2815,19576
100,5,minimax,4,4.2656,19576
100,7,minimax,2,4.0598,18904
100,9,minimax,5,3.0498,14761
101,1,minimax,3,4.2782,19608
101,3,minimax,0,4.2856,19576
101,5,minimax,0,4.1399,18975
101,7,minimax,0,3.8131,17788
101,9,minimax,0,2.2316,11036
102,1,minimax,0,4.2830,19608
102,3,minimax,0,4.1792,19187
102,5,minimax,3,3.2987,15432
102,7,minimax,2,4.1707,19191
102,9,minimax,1,4.1288,18931
102,11,minimax,2,4.1714,19001
102,13,minimax,4,4.0038,18200
102,15,minimax,1,2.8915,13533
102,17,minimax,3,2.9706,13997
102,19,minimax,1,2.5751,12664
102,21,minimax,0,1.3622,7092
102,23,minimax,1,0.6246,3428
103,1,minimax,1,4.2760,19608
103,3,minimax,3,4.2931,19576
103,5,minimax,0,4.2876,19576
103,7,minimax,2,4.2470,19576
103,9,minimax,3,3.8521,18231
103,11,minimax,0,1.8969,9846
104,1,minimax,0,4.2693,19608
104,3,minimax,2,4.2785,19576
104,5,minimax,3,4.2892,19576
104,7,minimax,2,4.0930,18911
104,9,minimax,2,3.7904,17949
104,11,minimax,1,2.6937,13318
104,13,minimax,0,1.4156,7225
104,15,minimax,1,0.7071,3690
105,1,minimax,1,4.2692,19608
105,3,minimax,0,4.1539,19188
105,5,minimax,3,3.8868,18277
105,7,minimax,2,3.0159,14616
106,1,alpha-beta,3,0.4439,2195
106,3,alpha-beta,2,0.6531,3211
106,5,alpha-beta,1,0.4981,2495
106,7,alpha-beta,2,0.7715,4040
106,9,alpha-beta,3,0.4853,2484
106,11,alpha-beta,4,0.4984,2607
106,13,alpha-beta,3,0.2148,1173
106,15,alpha-beta,0,0.0158,77
106,17,alpha-beta,0,0.0003,2
107,1,alpha-beta,1,0.6135,3028
107,3,alpha-beta,1,0.4547,2268
107,5,alpha-beta,1,0.3889,1941
107,7,alpha-beta,1,0.0635,305
108,1,alpha-beta,0,0.2776,1307
108,3,alpha-beta,3,0.4636,2287
108,5,alpha-beta,0,0.2952,1504
108,7,alpha-beta,6,0.2926,1465
108,9,alpha-beta,0,0.2195,1091
108,11,alpha-beta,2,0.4994,2483
108,13,alpha-beta,2,0.5635,2845
108,15,alpha-beta,3,0.3371,1701
108,17,alpha-beta,2,0.4541,2346
108,19,alpha-beta,2,0.0207,118
109,1,alpha-beta,3,0.4401,2195
109,3,alpha-beta,2,0.6517,3211
109,5,alpha-beta,3,0.9602,4743
109,7,alpha-beta,4,0.8018,3961
109,9,alpha-beta,3,0.7054,3466
109,11,alpha-beta,1,0.1900,998
109,13,alpha-beta,2,0.2318,1208
109,15,alpha-beta,0,0.0004,2
110,1,alpha-beta,1,0.2635,1310
110,3,alpha-beta,2,0.3523,1763
110,5,alpha-beta,3,0.5007,2500
110,7,alpha-beta,4,0.4813,2533
110,9,alpha-beta,2,0.3531,1843
110,11,alpha-beta,0,0.0003,2
111,1,alpha-beta,3,0.4412,2195
111,3,alpha-beta,0,0.6258,3127
111,5,alpha-beta,0,0.7050,3470
111,7,alpha-beta,3,0.2206,1156
111,9,alpha-beta,6,0.3153,1672
111,11,alpha-beta,2,0.1733,914
111,13,alpha-beta,4,0.4685,2382
111,15,alpha-beta,5,0.2144,1127
111,17,alpha-beta,5,0.7741,3870
111,19,alpha-beta,6,0.7608,3825
112,1,alpha-beta,1,0.2621,1310
112,3,alpha-beta,2,0.3476,1763
112,5,alpha-beta,1,0.2972,1481
112,7,alpha-beta,1,0.3521,1745
112,9,alpha-beta,1,0.0271,116
113,1,alpha-beta,0,0.2708,1307
113,3,alpha-beta,1,0.6301,3180
113,5,alpha-beta,4,0.6275,3149
113,7,alpha-beta,5,0.5933,3025
113,9,alpha-beta,1,0.2295,1145
113,11,alpha-beta,1,0.2690,1342
113,13,alpha-beta,0,0.2724,1302
113,15,alpha-beta,6,0.6642,3289
113,17,alpha-beta,6,0.7406,3580
113,19,alpha-beta,6,0.8709,4292
113,21,alpha-beta,6,0.9323,4638
114,1,alpha-beta,3,0.4441,2195
114,3,alpha-beta,4,0.3900,1967
114,5,alpha-beta,4,0.5410,2739
114,7,alpha-beta,3,0.3638,1830
114,9,alpha-beta,0,0.1426,696
114,11,alpha-beta,5,0.5738,2982
114,13,alpha-beta,1,0.3618,1891
114,15,alpha-beta,1,0.4291,2258
114,17,alpha-beta,1,0.2353,1262
114,19,alpha-beta,1,0.0298,177
115,1,alpha-beta,1,0.6072,3028
115,3,alpha-beta,0,0.5125,2537
115,5,alpha-beta,3,0.7336,3714
115,7,alpha-beta,2,0.1193,650
116,1,alpha-beta,1,0.6059,3028
116,3,alpha-beta,3,0.4760,2376
116,5,alpha-beta,0,0.3648,1800
116,7,alpha-beta,2,0.0954,501
117,1,alpha-beta,2,0.5305,2639
117,3,alpha-beta,4,0.5711,2834
117,5,alpha-beta,1,0.3837,1910
117,7,alpha-beta,6,0.6710,3302
117,9,alpha-beta,5,0.6445,3271
117,11,alpha-beta,4,0.4781,2442
117,13,alpha-beta,0,0.4955,2467
117,15,alpha-beta,1,0.5339,2745
117,17,alpha-beta,0,0.3300,1700
117,19,alpha-beta,0,0.0103,52
117,21,alpha-beta,0,0.0003,2
118,1,alpha-beta,3,0.4409,2195
118,3,alpha-beta,4,0.3903,1967
118,5,alpha-beta,0,0.2580,1293
118,7,alpha-beta,2,0.3334,1691
118,9,alpha-beta,0,0.6253,3108
118,11,alpha-beta,3,0.3111,1596
118,13,alpha-beta,3,0.2935,1528
118,15,alpha-beta,0,0.0172,81
118,17,alpha-beta,0,0.0003,2
119,1,alpha-beta,0,0.2738,1307
119,3,alpha-beta,0,0.4602,2303
119,5,alpha-beta,5,0.5284,2659
119,7,alpha-beta,4,0.5074,2565
119,9,alpha-beta,6,0.4470,2282
119,11,alpha-beta,5,0.4614,2287
119,13,alpha-beta,1,0.2273,1158
119,15,alpha-beta,2,0.2984,1524
119,17,alpha-beta,0,0.0623,315
119,19,alpha-beta,0,0.0389,211
119,21,alpha-beta,3,0.1484,780
120,1,alpha-beta,0,0.2254,1104
120,3,alpha-beta,0,0.2136,1054
120,5,alpha-beta,1,0.1884,938
120,7,alpha-beta,2,0.2912,1516
120,9,alpha-beta,0,0.3467,1790
120,11,alpha-beta,1,0.3856,1963
120,13,alpha-beta,2,0.1818,952
120,15,alpha-beta,5,0.2538,1373
120,17,alpha-beta,2,0.2120,1079
120,19,alpha-beta,1,0.0048,29
120,21,alpha-beta,1,0.0003,2
121,1,alpha-beta,0,0.2238,1104
121,3,alpha-beta,0,0.3005,1507
121,5,alpha-beta,2,0.5761,2891
121,7,alpha-beta,1,0.3073,1523
121,9,alpha-beta,1,0.4991,2569
121,11,alpha-beta,2,0.2646,1444
121,13,alpha-beta,3,0.1744,1000
122,1,alpha-beta,0,0.2765,1307
122,3,alpha-beta,1,0.6348,3180
122,5,alpha-beta,4,0.6351,3149
122,7,alpha-beta,0,0.4619,2255
122,9,alpha-beta,6,1.5213,7604
122,11,alpha-beta,1,0.3713,1870
122,13,alpha-beta,1,0.3670,1823
122,15,alpha-beta,1,0.0409,198
123,1,alpha-beta,2,0.3833,1873
123,3,alpha-beta,3,0.5257,2671
123,5,alpha-beta,1,0.0760,386
123,7,alpha-beta,0,0.0003,2
124,1,alpha-beta,0,0.2809,1307
124,3,alpha-beta,0,0.3677,1841
124,5,alpha-beta,0,0.2624,1331
124,7,alpha-beta,0,0.0004,2
125,1,alpha-beta,1,0.6096,3028
125,3,alpha-beta,1,0.4578,2268
125,5,alpha-beta,2,0.4643,2329
125,7,alpha-beta,1,0.3717,1859
125,9,alpha-beta,1,0.0587,290
126,1,alpha-beta,2,0.5337,2639
126,3,alpha-beta,4,0.5707,2834
126,5,alpha-beta,2,0.6463,3216
126,7,alpha-beta,4,0.4471,2246
126,9,alpha-beta,4,0.3691,1884
126,11,alpha-beta,0,0.0847,418
126,13,alpha-beta,3,0.2265,1191
126,15,alpha-beta,5,0.6598,3359
127,1,alpha-beta,0,0.2257,1104
127,3,alpha-beta,0,0.2139,1054
127,5,alpha-beta,2,0.4825,2385
127,7,alpha-beta,1,0.3724,1830
127,9,alpha-beta,2,0.4777,2348
127,11,alpha-beta,5,0.5996,3043
127,13,alpha-beta,4,0.5491,2754
127,15,alpha-beta,4,0.6416,3172
127,17,alpha-beta,4,0.4514,2310
127,19,alpha-beta,4,0.2155,1195
128,1,alpha-beta,1,0.6082,3028
128,3,alpha-beta,0,0.3707,1834
128,5,alpha-beta,6,0.8311,4166
128,7,alpha-beta,2,0.6958,3405
128,9,alpha-beta,4,1.0395,5037
128,11,alpha-beta,1,0.3989,1916
128,13,alpha-beta,0,0.3792,1811
128,15,alpha-beta,1,0.7047,3356
128,17,alpha-beta,5,0.9643,4836
128,19,alpha-beta,1,0.5346,2707
128,21,alpha-beta,1,0.0221,98
129,1,alpha-beta,0,0.2229,1104
129,3,alpha-beta,1,0.3312,1633
129,5,alpha-beta,1,0.6243,3073
129,7,alpha-beta,6,1.7138,8463
129,9,alpha-beta,1,0.2610,1323
129,11,alpha-beta,1,0.0677,332
130,1,alpha-beta,1,0.2655,1310
130,3,alpha-beta,0,0.3137,1542
130,5,alpha-beta,2,0.4951,2486
130,7,alpha-beta,0,0.3271,1649
130,9,alpha-beta,3,0.2189,1140
130,11,alpha-beta,0,0.2895,1440
130,13,alpha-beta,1,0.4329,2172
130,15,alpha-beta,2,0.1037,552
130,17,alpha-beta,0,0.0357,186
130,19,alpha-beta,3,0.0231,132
131,1,alpha-beta,0,0.2228,1104
131,3,alpha-beta,1,0.3327,1633
131,5,alpha-beta,0,0.3264,1592
131,7,alpha-beta,0,0.1392,661
131,9,alpha-beta,0,0.0003,2
132,1,alpha-beta,2,0.3830,1873
132,3,alpha-beta,2,0.6054,2984
132,5,alpha-beta,4,0.7652,3805
132,7,alpha-beta,3,0.6110,3036
132,9,alpha-beta,2,0.8548,4086
132,11,alpha-beta,4,1.3501,6424
132,13,alpha-beta,5,1.1593,5642
132,15,alpha-beta,0,0.7333,3612
132,17,alpha-beta,4,0.5764,2853
132,19,alpha-beta,4,0.2512,1308
133,1,alpha-beta,1,0.6091,3028
133,3,alpha-beta,2,0.6780,3363
133,5,alpha-beta,3,0.6867,3445
133,7,alpha-beta,0,0.0003,2
134,1,alpha-beta,3,0.4420,2195
134,3,alpha-beta,0,0.6245,3127
134,5,alpha-beta,0,0.6858,3470
134,7,alpha-beta,3,0.2958,1529
134,9,alpha-beta,4,0.3523,1845
134,11,alpha-beta,1,0.2539,1297
134,13,alpha-beta,1,0.1985,1021
134,15,alpha-beta,6,0.3389,1913
134,17,alpha-beta,0,0.1362,666
134,19,alpha-beta,1,0.2424,1256
134,21,alpha-beta,0,0.0754,403
134,23,alpha-beta,4,0.0599,353
134,25,alpha-beta,2,0.0059,34
135,1,alpha-beta,2,0.3831,1873
135,3,alpha-beta,2,0.6037,2984
135,5,alpha-beta,6,1.3571,7041
135,7,alpha-beta,2,0.7944,3925
135,9,alpha-beta,2,0.1644,808
136,1,alpha-beta,2,0.3884,1873
136,3,alpha-beta,3,0.4970,2501
136,5,alpha-beta,0,0.2800,1348
136,7,alpha-beta,1,0.0472,240
137,1,alpha-beta,0,0.2254,1104
137,3,alpha-beta,0,0.2966,1493
137,5,alpha-beta,2,0.5424,2704
137,7,alpha-beta,1,0.2385,1197
137,9,alpha-beta,5,0.8102,4060
137,11,alpha-beta,2,0.5216,2638
137,13,alpha-beta,1,0.2225,1148
137,15,alpha-beta,0,0.0227,135
137,17,alpha-beta,1,0.0113,57
137,19,alpha-beta,2,0.0538,325
137,21,alpha-beta,2,0.0154,80
138,1,alpha-beta,0,0.2264,1104
138,3,alpha-beta,1,0.2786,1409
138,5,alpha-beta,1,0.4393,2233
138,7,alpha-beta,4,0.3907,1968
138,9,alpha-beta,3,0.3735,1939
138,11,alpha-beta,1,0.0914,495
138,13,alpha-beta,2,0.1323,662
139,1,alpha-beta,2,0.5338,2639
139,3,alpha-beta,0,0.4309,2129
139,5,alpha-beta,1,0.2728,1392
139,7,alpha-beta,3,0.3156,1608
139,9,alpha-beta,3,0.2176,1159
139,11,alpha-beta,3,0.3304,1752
139,13,alpha-beta,0,0.0493,252
139,15,alpha-beta,3,0.1358,792
140,1,alpha-beta,2,0.3828,1873
140,3,alpha-beta,2,0.3888,1925
140,5,alpha-beta,0,0.3256,1661
140,7,alpha-beta,3,0.3280,1638
140,9,alpha-beta,0,0.2168,1093
140,11,alpha-beta,0,0.4703,2416
140,13,alpha-beta,0,0.0004,2
141,1,alpha-beta,0,0.2729,1307
141,3,alpha-beta,0,0.4642,2303
141,5,alpha-beta,2,0.4676,2295
141,7,alpha-beta,1,0.3937,1930
141,9,alpha-beta,3,0.3708,1820
141,11,alpha-beta,2,0.4188,2166
141,13,alpha-beta,2,0.2481,1329
141,15,alpha-beta,2,0.1488,746
142,1,alpha-beta,2,0.3814,1873
142,3,alpha-beta,2,0.6051,2984
142,5,alpha-beta,2,0.6466,3215
142,7,alpha-beta,2,0.2045,1037
143,1,alpha-beta,2,0.5326,2639
143,3,alpha-beta,0,0.4329,2129
143,5,alpha-beta,0,0.3333,1639
143,7,alpha-beta,3,0.5478,2700
143,9,alpha-beta,3,0.3279,1671
143,11,alpha-beta,2,0.2377,1307
143,13,alpha-beta,3,0.2110,1139
143,15,alpha-beta,6,0.3166,1648
143,17,alpha-beta,0,0.0691,360
143,19,alpha-beta,2,0.1713,908
143,21,alpha-beta,4,0.0791,434
143,23,alpha-beta,5,0.0705,396
143,25,alpha-beta,4,0.0357,187
143,27,alpha-beta,1,0.0030,20
143,29,alpha-beta,1,0.0004,2
144,1,alpha-beta,1,0.2630,1310
144,3,alpha-beta,1,0.2735,1355
144,5,alpha-beta,2,0.5599,2844
144,7,alpha-beta,1,0.4498,2245
144,9,alpha-beta,3,0.6534,3226
144,11,alpha-beta,2,0.2559,1339
144,13,alpha-beta,2,0.1764,971
144,15,alpha-beta,2,0.0246,146
145,1,alpha-beta,3,0.4429,2195
145,3,alpha-beta,2,0.6519,3211
145,5,alpha-beta,6,1.8133,9012
145,7,alpha-beta,2,1.1082,5356
145,9,alpha-beta,2,0.9207,4432
145,11,alpha-beta,4,0.8902,4390
145,13,alpha-beta,3,0.3961,1931
145,15,alpha-beta,0,0.0592,285
145,17,alpha-beta,0,0.0348,185
145,19,alpha-beta,0,0.0106,49
145,21,alpha-beta,0,0.0003,2
146,1,alpha-beta,0,0.2758,1307
146,3,alpha-beta,0,0.3173,1544
146,5,alpha-beta,1,0.3019,1493
146,7,alpha-beta,0,0.2206,1081
146,9,alpha-beta,2,0.2819,1427
146,11,alpha-beta,0,0.1232,592
146,13,alpha-beta,0,0.0003,2
147,1,alpha-beta,1,0.6083,3028
147,3,alpha-beta,5,1.0415,5207
147,5,alpha-beta,5,0.7604,3789
147,7,alpha-beta,3,0.9003,4403
147,9,alpha-beta,5,0.8232,3889
147,11,alpha-beta,5,1.2509,5804
148,1,alpha-beta,1,0.6165,3028
148,3,alpha-beta,2,0.4237,2121
148,5,alpha-beta,3,0.2665,1352
148,7,alpha-beta,0,0.0003,2
149,1,alpha-beta,0,0.2732,1307
149,3,alpha-beta,0,0.3686,1841
149,5,alpha-beta,0,0.1883,922
149,7,alpha-beta,3,0.6617,3265
149,9,alpha-beta,3,0.6812,3367
149,11,alpha-beta,5,0.4917,2370
149,13,alpha-beta,5,0.7710,3652
149,15,alpha-beta,6,1.3401,6534
149,17,alpha-beta,4,0.7050,3510
149,19,alpha-beta,0,0.0791,388
149,21,alpha-beta,4,0.0670,384
150,1,alpha-beta,1,0.6093,3028
150,3,alpha-beta,0,0.3664,1834
150,5,alpha-beta,6,0.4542,2208
150,7,alpha-beta,6,0.5107,2456
150,9,alpha-beta,2,0.5068,2495
150,11,alpha-beta,1,0.3108,1545
150,13,alpha-beta,1,0.2334,1197
150,15,alpha-beta,3,0.4210,2089
150,17,alpha-beta,0,0.1413,751
150,19,alpha-beta,0,0.3436,1736
150,21,alpha-beta,3,0.2264,1172
150,23,alpha-beta,3,0.1245,668
150,25,alpha-beta,2,0.0193,97
150,27,alpha-beta,2,0.0106,57
150,29,alpha-beta,3,0.0065,31
151,1,alpha-beta,2,0.5357,2639
151,3,alpha-beta,0,0.4064,2006
151,5,alpha-beta,0,0.3795,1904
151,7,alpha-beta,0,0.1584,755
151,9,alpha-beta,0,0.0003,2
152,1,alpha-beta,1,0.2655,1310
152,3,alpha-beta,2,0.3531,1763
152,5,alpha-beta,2,0.3803,1918
152,7,alpha-beta,2,0.4972,2472
152,9,alpha-beta,2,0.1215,591
153,1,alpha-beta,2,0.3828,1873
153,3,alpha-beta,2,0.3872,1925
153,5,alpha-beta,3,0.5353,2694
153,7,alpha-beta,1,0.2218,1114
153,9,alpha-beta,0,0.0004,2
154,1,alpha-beta,1,0.2642,1310
154,3,alpha-beta,2,0.3531,1763
154,5,alpha-beta,3,0.3863,1893
154,7,alpha-beta,4,0.7282,3557
154,9,alpha-beta,6,0.6879,3378
154,11,alpha-beta,5,0.8650,4217
154,13,alpha-beta,6,0.4791,2387
154,15,alpha-beta,5,0.6977,3490
154,17,alpha-beta,6,0.7155,3568
154,19,alpha-beta,0,0.3322,1710
154,21,alpha-beta,3,0.4320,2230
154,23,alpha-beta,0,0.1749,928
154,25,alpha-beta,0,0.1149,609
154,27,alpha-beta,0,0.0004,2
155,1,alpha-beta,0,0.2746,1307
155,3,alpha-beta,3,0.4893,2429
155,5,alpha-beta,0,0.5688,2841
155,7,alpha-beta,0,0.2056,1035
155,9,alpha-beta,0,0.0004,2
156,1,alpha-beta,2,0.5335,2639
156,3,alpha-beta,0,0.4328,2129
156,5,alpha-beta,3,0.5054,2509
156,7,alpha-beta,1,0.4453,2245
156,9,alpha-beta,0,0.4717,2362
156,11,alpha-beta,0,0.3137,1584
156,13,alpha-beta,0,0.0004,2
157,1,alpha-beta,1,0.6154,3028
157,3,alpha-beta,2,0.4201,2121
157,5,alpha-beta,3,0.4267,2156
157,7,alpha-beta,0,0.0004,2
158,1,alpha-beta,3,0.4431,2195
158,3,alpha-beta,2,0.6513,3211
158,5,alpha-beta,5,1.1124,5550
158,7,alpha-beta,2,0.6514,3178
158,9,alpha-beta,1,0.7191,3622
158,11,alpha-beta,2,0.7839,3875
158,13,alpha-beta,2,0.1842,946
159,1,alpha-beta,1,0.2603,1310
159,3,alpha-beta,3,0.4219,2116
159,5,alpha-beta,4,0.8387,4104
159,7,alpha-beta,3,1.3574,6592
159,9,alpha-beta,4,1.2244,5985
159,11,alpha-beta,3,1.1564,5623
159,13,alpha-beta,1,0.3212,1632
159,15,alpha-beta,3,0.3007,1503
159,17,alpha-beta,0,0.0364,187
159,19,alpha-beta,2,0.0302,178
160,1,alpha-beta,2,0.5328,2639
160,3,alpha-beta,4,0.5735,2834
160,5,alpha-beta,3,0.4446,2248
160,7,alpha-beta,2,0.4033,2047
160,9,alpha-beta,0,0.2639,1321
160,11,alpha-beta,4,0.4228,2177
160,13,alpha-beta,0,0.1989,1016
160,15,alpha-beta,0,0.0789,379
160,17,alpha-beta,0,0.0004,2
161,1,alpha-beta,1,0.2626,1310
161,3,alpha-beta,1,0.2747,1355
161,5,alpha-beta,2,0.5596,2844
161,7,alpha-beta,1,0.4413,2193
161,9,alpha-beta,1,0.0369,157
162,1,alpha-beta,1,0.2657,1310
162,3,alpha-beta,2,0.3559,1763
162,5,alpha-beta,3,0.6469,3299
162,7,alpha-beta,2,0.1027,517
162,9,alpha-beta,0,0.0004,2
163,1,alpha-beta,1,0.2662,1310
163,3,alpha-beta,0,0.2084,1025
163,5,alpha-beta,3,0.2799,1435
163,7,alpha-beta,0,0.4315,2166
163,9,alpha-beta,3,0.1536,792
163,11,alpha-beta,0,0.1324,641
163,13,alpha-beta,0,0.0003,2
164,1,alpha-beta,1,0.6135,3028
164,3,alpha-beta,3,0.4735,2376
164,5,alpha-beta,2,0.4807,2376
164,7,alpha-beta,0,0.0004,2
165,1,alpha-beta,3,0.4420,2195
165,3,alpha-beta,0,0.4532,2225
165,5,alpha-beta,4,0.4163,2147
165,7,alpha-beta,5,0.4946,2505
165,9,alpha-beta,0,0.1654,840
165,11,alpha-beta,2,0.2559,1292
165,13,alpha-beta,3,0.2458,1227
165,15,alpha-beta,3,0.2558,1343
165,17,alpha-beta,0,0.0351,186
165,19,alpha-beta,0,0.0197,130
165,21,alpha-beta,1,0.0625,340
165,23,alpha-beta,1,0.0093,42
166,1,alpha-beta,2,0.5316,2639
166,3,alpha-beta,4,0.5736,2834
166,5,alpha-beta,2,0.5227,2606
166,7,alpha-beta,5,0.4019,2011
166,9,alpha-beta,0,0.2553,1264
166,11,alpha-beta,0,0.1570,792
166,13,alpha-beta,1,0.1844,934
166,15,alpha-beta,0,0.0124,58
166,17,alpha-beta,0,0.0004,2
167,1,alpha-beta,0,0.2720,1307
167,3,alpha-beta,3,0.4953,2429
167,5,alpha-beta,5,0.7027,3459
167,7,alpha-beta,0,0.5220,2622
167,9,alpha-beta,2,0.3368,1683
167,11,alpha-beta,1,0.3118,1564
167,13,alpha-beta,2,0.1538,796
168,1,alpha-beta,1,0.6079,3028
168,3,alpha-beta,1,0.4596,2268
168,5,alpha-beta,1,0.4907,2418
168,7,alpha-beta,1,0.0673,321
169,1,alpha-beta,1,0.6080,3028
169,3,alpha-beta,1,0.4591,2268
169,5,alpha-beta,1,0.5011,2418
169,7,alpha-beta,1,0.0719,328
170,1,alpha-beta,2,0.3835,1873
170,3,alpha-beta,3,0.4981,2501
170,5,alpha-beta,1,0.0739,386
170,7,alpha-beta,0,0.0004,2
171,1,alpha-beta,1,0.6036,3028
171,3,alpha-beta,2,0.4212,2121
171,5,alpha-beta,3,0.4228,2156
171,7,alpha-beta,0,0.0003,2
172,1,alpha-beta,0,0.2745,1307
172,3,alpha-beta,0,0.3691,1841
172,5,alpha-beta,0,0.1996,1004
172,7,alpha-beta,0,0.0004,2
173,1,alpha-beta,0,0.2263,1104
173,3,alpha-beta,1,0.2842,1409
173,5,alpha-beta,4,0.6111,3080
173,7,alpha-beta,3,0.4248,2144
173,9,alpha-beta,0,0.1898,945
173,11,alpha-beta,0,0.5624,2819
173,13,alpha-beta,1,0.7356,3593
173,15,alpha-beta,2,0.1169,653
173,17,alpha-beta,1,0.0337,138
174,1,alpha-beta,3,0.4378,2195
174,3,alpha-beta,1,0.3321,1682
174,5,alpha-beta,4,0.5785,2932
174,7,alpha-beta,0,0.3712,1860
174,9,alpha-beta,1,0.3495,1738
174,11,alpha-beta,1,0.3371,1714
174,13,alpha-beta,1,0.0751,366
175,1,alpha-beta,1,0.6102,3028
175,3,alpha-beta,0,0.5141,2537
175,5,alpha-beta,0,0.3405,1725
175,7,alpha-beta,0,0.1709,858
175,9,alpha-beta,0,0.0004,2
176,1,alpha-beta,2,0.3820,1873
176,3,alpha-beta,2,0.6049,2984
176,5,alpha-beta,3,0.5333,2694
176,7,alpha-beta,1,0.2218,1114
176,9,alpha-beta,0,0.0004,2
177,1,alpha-beta,3,0.4429,2195
177,3,alpha-beta,0,0.4563,2225
177,5,alpha-beta,4,0.6595,3250
177,7,alpha-beta,2,0.3845,1935
177,9,alpha-beta,0,0.7760,3928
177,11,alpha-beta,0,0.1614,773
177,13,alpha-beta,0,0.0003,2
178,1,alpha-beta,0,0.2292,1104
178,3,alpha-beta,0,0.3013,1507
178,5,alpha-beta,0,0.2337,1075
178,7,alpha-beta,0,0.0004,2
179,1,alpha-beta,1,0.6105,3028
179,3,alpha-beta,3,0.4717,2376
179,5,alpha-beta,0,0.3652,1800
179,7,alpha-beta,2,0.0857,460
180,1,alpha-beta,2,0.3843,1873
180,3,alpha-beta,0,0.3763,1900
180,5,alpha-beta,0,0.2326,1131
180,7,alpha-beta,2,0.4955,2430
180,9,alpha-beta,0,0.2704,1328
180,11,alpha-beta,3,0.4879,2488
180,13,alpha-beta,1,0.0356,181
181,1,alpha-beta,2,0.3826,1873
181,3,alpha-beta,2,0.6020,2984
181,5,alpha-beta,4,0.7668,3805
181,7,alpha-beta,2,0.6961,3440
181,9,alpha-beta,2,0.1680,827
182,1,alpha-beta,2,0.5333,2639
182,3,alpha-beta,3,0.3106,1542
182,5,alpha-beta,1,0.2745,1379
182,7,alpha-beta,1,0.2308,1175
182,9,alpha-beta,1,0.0829,463
182,11,alpha-beta,0,0.0086,42
182,13,alpha-beta,0,0.0004,2
183,1,alpha-beta,3,0.4458,2195
183,3,alpha-beta,0,0.6283,3127
183,5,alpha-beta,4,0.5818,2962
183,7,alpha-beta,2,0.5931,2940
183,9,alpha-beta,0,0.5612,2821
183,11,alpha-beta,0,0.0076,42
183,13,alpha-beta,0,0.0004,2
184,1,alpha-beta,0,0.2224,1104
184,3,alpha-beta,0,0.2131,1054
184,5,alpha-beta,1,0.1873,940
184,7,alpha-beta,0,0.1970,928
184,9,alpha-beta,0,0.0003,2
185,1,alpha-beta,2,0.5317,2639
185,3,alpha-beta,3,0.5416,2680
185,5,alpha-beta,1,0.7264,3557
185,7,alpha-beta,3,0.4950,2483
185,9,alpha-beta,1,0.3093,1681
185,11,alpha-beta,0,0.0356,159
185,13,alpha-beta,0,0.0004,2
186,1,alpha-beta,0,0.2268,1104
186,3,alpha-beta,1,0.3299,1633
186,5,alpha-beta,1,0.6216,3073
186,7,alpha-beta,3,0.4542,2257
186,9,alpha-beta,6,1.4043,7090
186,11,alpha-beta,2,0.3303,1701
186,13,alpha-beta,4,0.0867,452
187,1,alpha-beta,0,0.2272,1104
187,3,alpha-beta,0,0.2930,1493
187,5,alpha-beta,0,0.1351,631
187,7,alpha-beta,0,0.0003,2
188,1,alpha-beta,0,0.2270,1104
188,3,alpha-beta,0,0.2177,1054
188,5,alpha-beta,2,0.4871,2385
188,7,alpha-beta,1,0.3707,1830
188,9,alpha-beta,2,0.5274,2690
188,11,alpha-beta,1,0.5503,2746
188,13,alpha-beta,1,0.1680,888
188,15,alpha-beta,1,0.0517,240
189,1,alpha-beta,1,0.2605,1310
189,3,alpha-beta,0,0.3231,1542
189,5,alpha-beta,2,0.5239,2652
189,7,alpha-beta,0,0.3143,1539
189,9,alpha-beta,6,1.4808,7618
189,11,alpha-beta,1,0.5632,2783
189,13,alpha-beta,1,0.4983,2532
189,15,alpha-beta,1,0.0529,244
190,1,alpha-beta,0,0.2250,1104
190,3,alpha-beta,1,0.2804,1409
190,5,alpha-beta,0,0.1947,931
190,7,alpha-beta,5,0.3761,1954
190,9,alpha-beta,0,0.1253,585
190,11,alpha-beta,0,0.0003,2
191,1,alpha-beta,0,0.2739,1307
191,3,alpha-beta,1,0.6292,3180
191,5,alpha-beta,4,0.6294,3149
191,7,alpha-beta,3,0.6201,3117
191,9,alpha-beta,4,0.3155,1616
191,11,alpha-beta,0,0.4680,2325
191,13,alpha-beta,0,0.3271,1604
191,15,alpha-beta,0,0.0003,2
192,1,alpha-beta,2,0.3866,1873
192,3,alpha-beta,3,0.5237,2671
192,5,alpha-beta,4,0.6324,3136
192,7,alpha-beta,1,0.8231,3981
192,9,alpha-beta,2,0.6849,3341
192,11,alpha-beta,3,0.5586,2735
192,13,alpha-beta,3,0.7954,3940
192,15,alpha-beta,3,0.2697,1371
193,1,alpha-beta,1,0.2634,1310
193,3,alpha-beta,0,0.2092,1025
193,5,alpha-beta,2,0.2562,1295
193,7,alpha-beta,0,0.3194,1596
193,9,alpha-beta,2,0.5564,2704
193,11,alpha-beta,4,0.5297,2662
193,13,alpha-beta,3,0.5319,2685
193,15,alpha-beta,3,0.2672,1354
194,1,alpha-beta,0,0.2684,1307
194,3,alpha-beta,0,0.1938,960
194,5,alpha-beta,0,0.2270,1096
194,7,alpha-beta,0,0.0003,2
195,1,alpha-beta,0,0.2709,1307
195,3,alpha-beta,0,0.3175,1544
195,5,alpha-beta,3,0.5045,2515
195,7,alpha-beta,0,0.2888,1439
195,9,alpha-beta,0,0.1106,567
195,11,alpha-beta,0,0.0004,2
196,1,alpha-beta,1,0.2648,1310
196,3,alpha-beta,3,0.4211,2116
196,5,alpha-beta,4,0.6725,3347
196,7,alpha-beta,5,0.6763,3402
196,9,alpha-beta,2,0.8498,4146
196,11,alpha-beta,0,0.1315,635
196,13,alpha-beta,3,0.2383,1234
197,1,alpha-beta,2,0.5326,2639
197,3,alpha-beta,3,0.5438,2680
197,5,alpha-beta,3,0.7128,3487
197,7,alpha-beta,1,0.3949,2067
197,9,alpha-beta,1,0.0624,316
197,11,alpha-beta,0,0.0003,2
198,1,alpha-beta,2,0.5316,2639
198,3,alpha-beta,0,0.4066,2006
198,5,alpha-beta,1,0.2919,1480
198,7,alpha-beta,3,0.3193,1617
198,9,alpha-beta,3,0.2138,1117
198,11,alpha-beta,0,0.0004,2
199,1,alpha-beta,3,0.4424,2195
199,3,alpha-beta,0,0.4542,2225
199,5,alpha-beta,4,0.4240,2113
199,7,alpha-beta,3,0.4496,2247
199,9,alpha-beta,3,0.4716,2312
199,11,alpha-beta,3,0.2890,1458
200,1,alpha-beta,0,0.2751,1307
200,3,alpha-beta,0,0.1935,960
200,5,alpha-beta,0,0.1186,585
200,7,alpha-beta,0,0.0004,2
201,1,gemini,3,2.4104,N/A
201,3,gemini,4,2.2388,N/A
201,5,gemini,2,2.9985,N/A
201,7,gemini,2,2.6376,N/A
201,9,gemini,0,2.7292,N/A
201,11,gemini,4,2.5311,N/A
201,13,gemini,3,2.6769,N/A
202,1,gemini,3,3.3433,N/A
202,3,gemini,4,2.7876,N/A
202,5,gemini,3,3.5974,N/A
202,7,gemini,2,3.0374,N/A
202,9,gemini,0,2.0426,N/A
202,11,gemini,4,2.1177,N/A
202,13,gemini,1,3.0096,N/A
203,1,gemini,3,2.6297,N/A
203,3,gemini,2,2.3896,N/A
203,5,gemini,2,2.8783,N/A
